[{"@type":"mappingTemplate","id":"@1","name":"Mapping2","description":"","bundleVersion":"0","templateId":"@3","deployTime":1720674097000,"hasParameters":false,"valid":true,"fixedConnection":true,"hasParametersDeployed":false,"fixedConnectionDeployed":true,"isSchemaValidationEnabled":false,"tasks":100,"mappingPreviewFileRecordId":"@2","documentType":"MAPPING","references":[{"@type":"reference","refObjectId":"@55faIL2Khw6iLBUoLjQwMf","refType":"connection"},{"@type":"reference","refObjectId":"@2hnVTRJvaCvkmsI1Wo3JiF","refType":"connection"}]}]