[{"@type":"mappingTemplate","id":"@1","name":"Mapping2","description":"","bundleVersion":"0","templateId":"@3","deployTime":1721713792000,"hasParameters":false,"valid":true,"fixedConnection":true,"hasParametersDeployed":false,"fixedConnectionDeployed":true,"isSchemaValidationEnabled":false,"tasks":50,"mappingPreviewFileRecordId":"@2","documentType":"MAPPING","references":[{"@type":"reference","refObjectId":"@2JYOTPyBDChbi1ereTBDOQ","refType":"connection"},{"@type":"reference","refObjectId":"@h0rVM8890YBhx2sHcy6Su3","refType":"connection"}]}]