[{"@type":"mappingTemplate","id":"@1","name":"Mapping2","description":"","bundleVersion":"0","templateId":"@3","deployTime":1720674783000,"hasParameters":false,"valid":true,"fixedConnection":true,"hasParametersDeployed":false,"fixedConnectionDeployed":true,"isSchemaValidationEnabled":false,"tasks":100,"mappingPreviewFileRecordId":"@2","documentType":"MAPPING","references":[{"@type":"reference","refObjectId":"@5QvwJBGrkw9dQUaI82cDWi","refType":"connection"},{"@type":"reference","refObjectId":"@iwZa1A6u4cyeRlnE4aMkcy","refType":"connection"}]}]