[{"@type":"mappingTemplate","id":"@1","name":"Mapping2","description":"","bundleVersion":"0","templateId":"@3","deployTime":1720674768000,"hasParameters":false,"valid":true,"fixedConnection":true,"hasParametersDeployed":false,"fixedConnectionDeployed":true,"isSchemaValidationEnabled":false,"tasks":100,"mappingPreviewFileRecordId":"@2","documentType":"MAPPING","references":[{"@type":"reference","refObjectId":"@7gae8Ca4XpkkDf4Mu05Xqr","refType":"connection"},{"@type":"reference","refObjectId":"@9AwtIJTSSUPdB2IG9g8bKg","refType":"connection"}]}]