[{"@type":"mappingTemplate","id":"@1","name":"Mapping2","description":"","bundleVersion":"0","templateId":"@3","deployTime":1722950756000,"hasParameters":false,"valid":true,"fixedConnection":true,"hasParametersDeployed":false,"fixedConnectionDeployed":true,"isSchemaValidationEnabled":false,"tasks":98,"mappingPreviewFileRecordId":"@2","documentType":"MAPPING","references":[{"@type":"reference","refObjectId":"@21Zy1f7qVaNdWwfdtkztgF","refType":"connection"},{"@type":"reference","refObjectId":"@92SJ72k1xxkeZbwDcQwVCZ","refType":"connection"}]}]