[{"@type":"mappingTemplate","id":"@1","name":"Mapping2","description":"","bundleVersion":"0","templateId":"@3","deployTime":1720673837000,"hasParameters":false,"valid":true,"fixedConnection":true,"hasParametersDeployed":false,"fixedConnectionDeployed":true,"isSchemaValidationEnabled":false,"tasks":100,"mappingPreviewFileRecordId":"@2","documentType":"MAPPING","references":[{"@type":"reference","refObjectId":"@8fxGc7MHykAh5Fp9mnqsas","refType":"connection"},{"@type":"reference","refObjectId":"@73JzOq8LbyvgvPz0FseQYK","refType":"connection"}]}]