[{"@type":"mappingTemplate","id":"@1","name":"Mapping2","description":"","bundleVersion":"0","templateId":"@3","deployTime":1720674067000,"hasParameters":false,"valid":true,"fixedConnection":true,"hasParametersDeployed":false,"fixedConnectionDeployed":true,"isSchemaValidationEnabled":false,"tasks":100,"mappingPreviewFileRecordId":"@2","documentType":"MAPPING","references":[{"@type":"reference","refObjectId":"@lO5yy3iWwIuh42gpovTHCU","refType":"connection"},{"@type":"reference","refObjectId":"@9CcX3rjN9CihrqxwfsxN6m","refType":"connection"}]}]