[{"@type":"mappingTemplate","id":"@1","name":"Mapping2","description":"","bundleVersion":"0","templateId":"@3","deployTime":1722950752000,"hasParameters":false,"valid":true,"fixedConnection":true,"hasParametersDeployed":false,"fixedConnectionDeployed":true,"isSchemaValidationEnabled":false,"tasks":100,"mappingPreviewFileRecordId":"@2","documentType":"MAPPING","references":[{"@type":"reference","refObjectId":"@4UDQNmKdWJOe8awk5Ub32A","refType":"connection"},{"@type":"reference","refObjectId":"@11W77PvUNLjiyCOjMdEjmT","refType":"connection"}]}]