[{"@type":"mappingTemplate","id":"@1","name":"Mapping2","description":"","bundleVersion":"0","templateId":"@3","deployTime":1721106553000,"hasParameters":false,"valid":true,"fixedConnection":true,"hasParametersDeployed":false,"fixedConnectionDeployed":true,"isSchemaValidationEnabled":false,"tasks":100,"mappingPreviewFileRecordId":"@2","documentType":"MAPPING","references":[{"@type":"reference","refObjectId":"@lECtuZrIuqVdMJiCLqutwN","refType":"connection"},{"@type":"reference","refObjectId":"@7XpfNeWKOEPbsrZAOyq98p","refType":"connection"}]}]