[{"@type":"mappingTemplate","id":"@1","name":"Mapping2","description":"","bundleVersion":"0","templateId":"@3","deployTime":1721713792000,"hasParameters":false,"valid":true,"fixedConnection":true,"hasParametersDeployed":false,"fixedConnectionDeployed":true,"isSchemaValidationEnabled":false,"tasks":50,"mappingPreviewFileRecordId":"@2","documentType":"MAPPING","references":[{"@type":"reference","refObjectId":"@86OwzhDCDixiA15eE2E56b","refType":"connection"},{"@type":"reference","refObjectId":"@0tOJBmZNehEcbRoio7dJeA","refType":"connection"}]}]