[{"@type":"mappingTemplate","id":"@1","name":"Mapping2","description":"","bundleVersion":"0","templateId":"@3","deployTime":1722950762000,"hasParameters":false,"valid":true,"fixedConnection":true,"hasParametersDeployed":false,"fixedConnectionDeployed":true,"isSchemaValidationEnabled":false,"tasks":100,"mappingPreviewFileRecordId":"@2","documentType":"MAPPING","references":[{"@type":"reference","refObjectId":"@1HKiEtHvDEUfK4Ao8ytrs2","refType":"connection"},{"@type":"reference","refObjectId":"@4dxCj7QZng3h1xKZXE8xAL","refType":"connection"}]}]