[{"@type":"mappingTemplate","id":"@1","name":"Mapping2","description":"","bundleVersion":"0","templateId":"@3","deployTime":1720674772000,"hasParameters":false,"valid":true,"fixedConnection":true,"hasParametersDeployed":false,"fixedConnectionDeployed":true,"isSchemaValidationEnabled":false,"tasks":100,"mappingPreviewFileRecordId":"@2","documentType":"MAPPING","references":[{"@type":"reference","refObjectId":"@hZWLq4RmmKYiwSV5Np5Pk4","refType":"connection"},{"@type":"reference","refObjectId":"@8UDxkv9bjFbjRhVHAPlyAb","refType":"connection"}]}]