[{"@type":"mappingTemplate","id":"@1","name":"Mapping2","description":"","bundleVersion":"0","templateId":"@3","deployTime":1722950755000,"hasParameters":false,"valid":true,"fixedConnection":true,"hasParametersDeployed":false,"fixedConnectionDeployed":true,"isSchemaValidationEnabled":false,"tasks":100,"mappingPreviewFileRecordId":"@2","documentType":"MAPPING","references":[{"@type":"reference","refObjectId":"@aTutE2B5e7Thq2evSYUMgG","refType":"connection"},{"@type":"reference","refObjectId":"@2lyByf8zTg6jWgDvsKZqwH","refType":"connection"}]}]