[{"@type":"mappingTemplate","id":"@1","name":"Mapping2","description":"","bundleVersion":"0","templateId":"@3","deployTime":1720674768000,"hasParameters":false,"valid":true,"fixedConnection":true,"hasParametersDeployed":false,"fixedConnectionDeployed":true,"isSchemaValidationEnabled":false,"tasks":100,"mappingPreviewFileRecordId":"@2","documentType":"MAPPING","references":[{"@type":"reference","refObjectId":"@fvtsf9JxmA6cCLv1JoY70t","refType":"connection"},{"@type":"reference","refObjectId":"@8HwSVvcFZ7Yjrtpnu3QC6m","refType":"connection"}]}]